,model,x,f,e
0,no_rescaling,-0.25,25.895782,177.65067
1,no_rescaling,-0.24375,23.747707,173.742
2,no_rescaling,-0.2375,21.871078,169.62262
3,no_rescaling,-0.23125,20.210941,165.34137
4,no_rescaling,-0.225,18.72543,160.93723
5,no_rescaling,-0.21875,17.379232,156.44022
6,no_rescaling,-0.2125,16.140232,151.87366
7,no_rescaling,-0.20625,14.980001,147.25629
8,no_rescaling,-0.2,13.8774185,142.60431
9,no_rescaling,-0.19375,12.821232,137.93213
10,no_rescaling,-0.1875,11.80839,133.25229
11,no_rescaling,-0.18125,10.839686,128.57498
12,no_rescaling,-0.175,9.916338,123.908005
13,no_rescaling,-0.16875,9.038809,119.256836
14,no_rescaling,-0.16249999999999998,8.207013,114.62517
15,no_rescaling,-0.15625,7.4206924,110.01538
16,no_rescaling,-0.15,6.6795263,105.42891
17,no_rescaling,-0.14375,5.9830937,100.86641
18,no_rescaling,-0.1375,5.3309584,96.32801
19,no_rescaling,-0.13124999999999998,4.722805,91.81334
20,no_rescaling,-0.125,4.1584406,87.32168
21,no_rescaling,-0.11875,3.6376262,82.85204
22,no_rescaling,-0.11249999999999999,3.1598635,78.40326
23,no_rescaling,-0.10624999999999998,2.724283,73.97398
24,no_rescaling,-0.09999999999999998,2.329636,69.56271
25,no_rescaling,-0.09375,1.9743602,65.16783
26,no_rescaling,-0.0875,1.6566787,60.78764
27,no_rescaling,-0.08124999999999999,1.3746942,56.420387
28,no_rescaling,-0.07499999999999998,1.1264603,52.064262
29,no_rescaling,-0.06874999999999998,0.91005427,47.717484
30,no_rescaling,-0.0625,0.7236468,43.37822
31,no_rescaling,-0.056249999999999994,0.56559074,39.04467
32,no_rescaling,-0.04999999999999999,0.43452656,34.715034
33,no_rescaling,-0.04374999999999998,0.32945955,30.387482
34,no_rescaling,-0.03749999999999998,0.24965933,26.0602
35,no_rescaling,-0.03125,0.19400163,21.731377
36,no_rescaling,-0.024999999999999994,0.15945251,17.399189
37,no_rescaling,-0.01874999999999999,0.13971224,13.061804
38,no_rescaling,-0.012499999999999983,0.12647334,8.717431
39,no_rescaling,-0.006249999999999978,0.112894885,4.364313
40,no_rescaling,0.0,0.09564943,0.0012306636
41,no_rescaling,0.006250000000000033,0.07546325,4.374897
42,no_rescaling,0.012500000000000011,0.059807338,8.764055
43,no_rescaling,0.01874999999999999,0.0655935,13.168015
44,no_rescaling,0.025000000000000022,0.09698208,17.587769
45,no_rescaling,0.03125,0.14302856,22.024088
46,no_rescaling,0.03750000000000003,0.19907624,26.477425
47,no_rescaling,0.04375000000000001,0.26733863,30.947954
48,no_rescaling,0.050000000000000044,0.3554601,35.435623
49,no_rescaling,0.05625000000000002,0.47541064,39.940166
50,no_rescaling,0.0625,0.64108294,44.461212
51,no_rescaling,0.06875000000000003,0.8657383,48.998375
52,no_rescaling,0.07500000000000001,1.1614912,53.551193
53,no_rescaling,0.08125000000000004,1.5389194,58.119156
54,no_rescaling,0.08750000000000002,2.0001202,62.70179
55,no_rescaling,0.09375,2.532557,67.29908
56,no_rescaling,0.10000000000000003,3.1230524,71.91162
57,no_rescaling,0.10625000000000001,3.7690291,76.54001
58,no_rescaling,0.11250000000000004,4.4696436,81.18443
59,no_rescaling,0.11875000000000002,5.2296467,85.84459
60,no_rescaling,0.125,6.07065,90.51924
61,no_rescaling,0.13125000000000003,7.0235286,95.20591
62,no_rescaling,0.1375,8.114531,99.90082
63,no_rescaling,0.14375000000000004,9.36277,104.59921
64,no_rescaling,0.15000000000000002,10.784252,109.295616
65,no_rescaling,0.15625,12.394016,113.984146
66,no_rescaling,0.16250000000000003,14.209585,118.65886
67,no_rescaling,0.16875,16.257416,123.313705
68,no_rescaling,0.17500000000000004,18.569618,127.94246
69,no_rescaling,0.18125000000000002,21.173248,132.53897
70,no_rescaling,0.1875,24.093084,137.09747
71,no_rescaling,0.19375000000000003,27.359219,141.61234
72,no_rescaling,0.2,31.004513,146.07785
73,no_rescaling,0.20625000000000004,35.062996,150.48772
74,no_rescaling,0.21250000000000002,39.573814,154.83508
75,no_rescaling,0.21875,44.580254,159.1125
76,no_rescaling,0.22500000000000003,50.123146,163.31235
77,no_rescaling,0.23125,56.237892,167.42773
78,no_rescaling,0.23750000000000004,62.959373,171.45303
79,no_rescaling,0.24375000000000002,70.33029,175.38385
80,no_rescaling,0.25,78.40245,179.21655
81,no_bessel,-0.25,0.30228812,0.18836708
82,no_bessel,-0.24375,0.29017618,0.1813978
83,no_bessel,-0.2375,0.27881837,0.17480788
84,no_bessel,-0.23125,0.2681237,0.16858819
85,no_bessel,-0.225,0.258001,0.16270867
86,no_bessel,-0.21875,0.24836367,0.15714198
87,no_bessel,-0.2125,0.23913234,0.15184617
88,no_bessel,-0.20625,0.23023671,0.14678794
89,no_bessel,-0.2,0.22161606,0.14192697
90,no_bessel,-0.19375,0.21321929,0.13723294
91,no_bessel,-0.1875,0.2050044,0.13267173
92,no_bessel,-0.18125,0.19693783,0.12820974
93,no_bessel,-0.175,0.18899336,0.12383045
94,no_bessel,-0.16875,0.1811513,0.11950737
95,no_bessel,-0.16249999999999998,0.17339745,0.11521969
96,no_bessel,-0.15625,0.1657221,0.11096038
97,no_bessel,-0.15,0.15811941,0.10670969
98,no_bessel,-0.14375,0.15058646,0.10246191
99,no_bessel,-0.1375,0.14312267,0.09820604
100,no_bessel,-0.13124999999999998,0.13572928,0.09393816
101,no_bessel,-0.125,0.12840882,0.08965776
102,no_bessel,-0.11875,0.12116473,0.085359804
103,no_bessel,-0.11249999999999999,0.114001,0.081040196
104,no_bessel,-0.10624999999999998,0.106921956,0.07670008
105,no_bessel,-0.09999999999999998,0.09993194,0.07234481
106,no_bessel,-0.09375,0.09303513,0.067965865
107,no_bessel,-0.0875,0.086235285,0.06356424
108,no_bessel,-0.08124999999999999,0.07953568,0.059147928
109,no_bessel,-0.07499999999999998,0.07293871,0.054712318
110,no_bessel,-0.06874999999999998,0.06644587,0.050258912
111,no_bessel,-0.0625,0.060057405,0.045788445
112,no_bessel,-0.056249999999999994,0.053772133,0.04130197
113,no_bessel,-0.04999999999999999,0.04758708,0.03679868
114,no_bessel,-0.04374999999999998,0.04149736,0.03227565
115,no_bessel,-0.03749999999999998,0.035495803,0.027736198
116,no_bessel,-0.03125,0.029572988,0.023177397
117,no_bessel,-0.024999999999999994,0.023717575,0.01859488
118,no_bessel,-0.01874999999999999,0.017918417,0.013990943
119,no_bessel,-0.012499999999999983,0.012173967,0.009359473
120,no_bessel,-0.006249999999999978,0.0065534906,0.0047040675
121,no_bessel,0.0,0.0023689994,8.4823834e-05
122,no_bessel,0.006250000000000033,0.006176005,0.0047133723
123,no_bessel,0.012500000000000011,0.012021671,0.009478141
124,no_bessel,0.01874999999999999,0.018199338,0.014281895
125,no_bessel,0.025000000000000022,0.024652354,0.019134568
126,no_bessel,0.03125,0.03142073,0.02403916
127,no_bessel,0.03750000000000003,0.038566276,0.028995577
128,no_bessel,0.04375000000000001,0.046160616,0.034010686
129,no_bessel,0.050000000000000044,0.05428186,0.03909215
130,no_bessel,0.05625000000000002,0.06301252,0.044237383
131,no_bessel,0.0625,0.07243793,0.04945463
132,no_bessel,0.06875000000000003,0.082644895,0.05474849
133,no_bessel,0.07500000000000001,0.09371993,0.06011252
134,no_bessel,0.08125000000000004,0.1057477,0.06556064
135,no_bessel,0.08750000000000002,0.11880919,0.07108673
136,no_bessel,0.09375,0.13298011,0.07669404
137,no_bessel,0.10000000000000003,0.14832887,0.08238228
138,no_bessel,0.10625000000000001,0.16491497,0.088150635
139,no_bessel,0.11250000000000004,0.18278688,0.09399232
140,no_bessel,0.11875000000000002,0.20198035,0.099910066
141,no_bessel,0.125,0.2225163,0.10589282
142,no_bessel,0.13125000000000003,0.24439898,0.11193544
143,no_bessel,0.1375,0.2676143,0.11802769
144,no_bessel,0.14375000000000004,0.2921285,0.12415807
145,no_bessel,0.15000000000000002,0.31788704,0.13031141
146,no_bessel,0.15625,0.34481514,0.13647297
147,no_bessel,0.16250000000000003,0.3728192,0.14262417
148,no_bessel,0.16875,0.40179047,0.14874005
149,no_bessel,0.17500000000000004,0.43161196,0.15479448
150,no_bessel,0.18125000000000002,0.46216875,0.16076262
151,no_bessel,0.1875,0.4933642,0.16660835
152,no_bessel,0.19375000000000003,0.52514243,0.17229833
153,no_bessel,0.2,0.55752,0.17779097
154,no_bessel,0.20625000000000004,0.5906289,0.18304354
155,no_bessel,0.21250000000000002,0.62477446,0.18801068
156,no_bessel,0.21875,0.6605145,0.192634
157,no_bessel,0.22500000000000003,0.6987721,0.19685502
158,no_bessel,0.23125,0.7410053,0.20058775
159,no_bessel,0.23750000000000004,0.7894935,0.20372306
160,no_bessel,0.24375000000000002,0.8478751,0.20607983
161,no_bessel,0.25,0.9222965,0.20735228
162,only_rescaling,-0.25,0.22704047,0.25181377
163,only_rescaling,-0.24375,0.22064579,0.24629226
164,only_rescaling,-0.2375,0.21435025,0.24075791
165,only_rescaling,-0.23125,0.20815156,0.23520839
166,only_rescaling,-0.225,0.20204714,0.22964087
167,only_rescaling,-0.21875,0.19603407,0.22405615
168,only_rescaling,-0.2125,0.19010937,0.21844922
169,only_rescaling,-0.20625,0.18426958,0.21282098
170,only_rescaling,-0.2,0.17851102,0.20716462
171,only_rescaling,-0.19375,0.17282973,0.20148179
172,only_rescaling,-0.1875,0.16722138,0.1957703
173,only_rescaling,-0.18125,0.1616813,0.1900242
174,only_rescaling,-0.175,0.15620458,0.18424425
175,only_rescaling,-0.16875,0.15078586,0.1784296
176,only_rescaling,-0.16249999999999998,0.14541954,0.1725737
177,only_rescaling,-0.15625,0.14009973,0.16667746
178,only_rescaling,-0.15,0.13482007,0.16073903
179,only_rescaling,-0.14375,0.12957406,0.15475431
180,only_rescaling,-0.1375,0.12435487,0.1487234
181,only_rescaling,-0.13124999999999998,0.11915526,0.14264224
182,only_rescaling,-0.125,0.113967896,0.13651136
183,only_rescaling,-0.11875,0.10878507,0.13032427
184,only_rescaling,-0.11249999999999999,0.10359888,0.12408469
185,only_rescaling,-0.10624999999999998,0.09840119,0.11778832
186,only_rescaling,-0.09999999999999998,0.093183696,0.111428216
187,only_rescaling,-0.09375,0.08793785,0.10500899
188,only_rescaling,-0.0875,0.082654916,0.09852655
189,only_rescaling,-0.08124999999999999,0.07732606,0.091975994
190,only_rescaling,-0.07499999999999998,0.0719423,0.085360095
191,only_rescaling,-0.06874999999999998,0.06649452,0.07867351
192,only_rescaling,-0.0625,0.060973514,0.071917504
193,only_rescaling,-0.056249999999999994,0.05536996,0.065089
194,only_rescaling,-0.04999999999999999,0.04967461,0.05818449
195,only_rescaling,-0.04374999999999998,0.04387816,0.051200643
196,only_rescaling,-0.03749999999999998,0.03797149,0.044140436
197,only_rescaling,-0.03125,0.031945765,0.036997676
198,only_rescaling,-0.024999999999999994,0.025793057,0.029776398
199,only_rescaling,-0.01874999999999999,0.01950793,0.022469878
200,only_rescaling,-0.012499999999999983,0.013093555,0.015079622
201,only_rescaling,-0.006249999999999978,0.0066063916,0.007601767
202,only_rescaling,0.0,0.0018779333,9.9735786e-05
203,only_rescaling,0.006250000000000033,0.0076316446,0.0076196063
204,only_rescaling,0.012500000000000011,0.014681628,0.015367308
205,only_rescaling,0.01874999999999999,0.022001157,0.023205198
206,only_rescaling,0.025000000000000022,0.029548893,0.031137181
207,only_rescaling,0.03125,0.03732343,0.039163783
208,only_rescaling,0.03750000000000003,0.04533064,0.04728736
209,only_rescaling,0.04375000000000001,0.05357843,0.055505857
210,only_rescaling,0.050000000000000044,0.062075526,0.06382347
211,only_rescaling,0.05625000000000002,0.07083096,0.072241634
212,only_rescaling,0.0625,0.079853974,0.080756485
213,only_rescaling,0.06875000000000003,0.08915383,0.08937538
214,only_rescaling,0.07500000000000001,0.09873997,0.09808968
215,only_rescaling,0.08125000000000004,0.10862184,0.106913105
216,only_rescaling,0.08750000000000002,0.11880909,0.11583738
217,only_rescaling,0.09375,0.12931147,0.124864995
218,only_rescaling,0.10000000000000003,0.1401391,0.13399488
219,only_rescaling,0.10625000000000001,0.15130232,0.14323038
220,only_rescaling,0.11250000000000004,0.16281202,0.15257195
221,only_rescaling,0.11875000000000002,0.17467955,0.16201514
222,only_rescaling,0.125,0.186917,0.17156883
223,only_rescaling,0.13125000000000003,0.19953743,0.1812264
224,only_rescaling,0.1375,0.21255495,0.19099008
225,only_rescaling,0.14375000000000004,0.22598496,0.20086105
226,only_rescaling,0.15000000000000002,0.23984453,0.21083866
227,only_rescaling,0.15625,0.25415254,0.22092289
228,only_rescaling,0.16250000000000003,0.2689302,0.23111193
229,only_rescaling,0.16875,0.28420117,0.24140957
230,only_rescaling,0.17500000000000004,0.2999923,0.25181115
231,only_rescaling,0.18125000000000002,0.3163337,0.2623157
232,only_rescaling,0.1875,0.33325952,0.27292666
233,only_rescaling,0.19375000000000003,0.3508082,0.2836393
234,only_rescaling,0.2,0.36902317,0.29445192
235,only_rescaling,0.20625000000000004,0.38795316,0.30536357
236,only_rescaling,0.21250000000000002,0.4076528,0.31637347
237,only_rescaling,0.21875,0.42818296,0.32747072
238,only_rescaling,0.22500000000000003,0.44961113,0.33865476
239,only_rescaling,0.23125,0.47201145,0.34991324
240,only_rescaling,0.23750000000000004,0.49546474,0.36124146
241,only_rescaling,0.24375000000000002,0.5200584,0.3726223
242,only_rescaling,0.25,0.54588556,0.38404375
243,rescaling+bessel,-0.25,0.23517783,0.19993517
244,rescaling+bessel,-0.24375,0.22896476,0.19495034
245,rescaling+bessel,-0.2375,0.22282727,0.19004259
246,rescaling+bessel,-0.23125,0.21673957,0.1851893
247,rescaling+bessel,-0.225,0.21068093,0.18038219
248,rescaling+bessel,-0.21875,0.20463535,0.1756056
249,rescaling+bessel,-0.2125,0.19859082,0.17085013
250,rescaling+bessel,-0.20625,0.19253895,0.16610545
251,rescaling+bessel,-0.2,0.18647432,0.16136444
252,rescaling+bessel,-0.19375,0.18039426,0.15661782
253,rescaling+bessel,-0.1875,0.17429814,0.15185535
254,rescaling+bessel,-0.18125,0.16818719,0.14708018
255,rescaling+bessel,-0.175,0.1620641,0.14228593
256,rescaling+bessel,-0.16875,0.15593264,0.13746879
257,rescaling+bessel,-0.16249999999999998,0.1497975,0.13262747
258,rescaling+bessel,-0.15625,0.1436639,0.12776056
259,rescaling+bessel,-0.15,0.1375375,0.1228666
260,rescaling+bessel,-0.14375,0.13142413,0.117950104
261,rescaling+bessel,-0.1375,0.12532978,0.1130099
262,rescaling+bessel,-0.13124999999999998,0.119260184,0.108046114
263,rescaling+bessel,-0.125,0.11322104,0.10305528
264,rescaling+bessel,-0.11875,0.10721761,0.098045036
265,rescaling+bessel,-0.11249999999999999,0.10125479,0.09301417
266,rescaling+bessel,-0.10624999999999998,0.095337,0.08796279
267,rescaling+bessel,-0.09999999999999998,0.08946805,0.08289866
268,rescaling+bessel,-0.09375,0.08365111,0.077815026
269,rescaling+bessel,-0.0875,0.07788867,0.07271443
270,rescaling+bessel,-0.08124999999999999,0.07218233,0.06760184
271,rescaling+bessel,-0.07499999999999998,0.06653291,0.06248054
272,rescaling+bessel,-0.06874999999999998,0.06094027,0.057344243
273,rescaling+bessel,-0.0625,0.05540333,0.052194867
274,rescaling+bessel,-0.056249999999999994,0.04992003,0.047034226
275,rescaling+bessel,-0.04999999999999999,0.04448756,0.041862316
276,rescaling+bessel,-0.04374999999999998,0.039102636,0.036678802
277,rescaling+bessel,-0.03749999999999998,0.033762373,0.031481445
278,rescaling+bessel,-0.03125,0.028466329,0.026274113
279,rescaling+bessel,-0.024999999999999994,0.023221463,0.02104966
280,rescaling+bessel,-0.01874999999999999,0.01805611,0.015812175
281,rescaling+bessel,-0.012499999999999983,0.013066467,0.010556547
282,rescaling+bessel,-0.006249999999999978,0.008612621,0.005280884
283,rescaling+bessel,0.0,0.006177975,0.00013011009
284,rescaling+bessel,0.006250000000000033,0.008116083,0.005335734
285,rescaling+bessel,0.012500000000000011,0.0127072185,0.01067945
286,rescaling+bessel,0.01874999999999999,0.01819339,0.016053893
287,rescaling+bessel,0.025000000000000022,0.024134567,0.021453604
288,rescaling+bessel,0.03125,0.030433439,0.026891978
289,rescaling+bessel,0.03750000000000003,0.03708197,0.03236268
290,rescaling+bessel,0.04375000000000001,0.044102937,0.037874945
291,rescaling+bessel,0.050000000000000044,0.051532447,0.043426245
292,rescaling+bessel,0.05625000000000002,0.059413522,0.04902599
293,rescaling+bessel,0.0625,0.06779303,0.054671593
294,rescaling+bessel,0.06875000000000003,0.07671996,0.06036847
295,rescaling+bessel,0.07500000000000001,0.08624436,0.06611755
296,rescaling+bessel,0.08125000000000004,0.096416295,0.07192289
297,rescaling+bessel,0.08750000000000002,0.10728505,0.077787794
298,rescaling+bessel,0.09375,0.11889833,0.08371234
299,rescaling+bessel,0.10000000000000003,0.13130149,0.08970021
300,rescaling+bessel,0.10625000000000001,0.14453658,0.09574902
301,rescaling+bessel,0.11250000000000004,0.1586416,0.101863906
302,rescaling+bessel,0.11875000000000002,0.17364936,0.1080453
303,rescaling+bessel,0.125,0.18958655,0.114294216
304,rescaling+bessel,0.13125000000000003,0.2064726,0.12060643
305,rescaling+bessel,0.1375,0.2243183,0.12698539
306,rescaling+bessel,0.14375000000000004,0.24312463,0.13342842
307,rescaling+bessel,0.15000000000000002,0.26288116,0.13993098
308,rescaling+bessel,0.15625,0.2835645,0.14649057
309,rescaling+bessel,0.16250000000000003,0.30513686,0.15310633
310,rescaling+bessel,0.16875,0.32754433,0.1597709
311,rescaling+bessel,0.17500000000000004,0.35071558,0.16647464
312,rescaling+bessel,0.18125000000000002,0.37456077,0.1732132
313,rescaling+bessel,0.1875,0.39897054,0.17997277
314,rescaling+bessel,0.19375000000000003,0.42381662,0.18674204
315,rescaling+bessel,0.2,0.44895288,0.19350377
316,rescaling+bessel,0.20625000000000004,0.47421843,0.20024353
317,rescaling+bessel,0.21250000000000002,0.4994436,0.20693997
318,rescaling+bessel,0.21875,0.5244596,0.21356076
319,rescaling+bessel,0.22500000000000003,0.54911375,0.22008412
320,rescaling+bessel,0.23125,0.57329285,0.2264654
321,rescaling+bessel,0.23750000000000004,0.59695685,0.23266864
322,rescaling+bessel,0.24375000000000002,0.62019074,0.2386329
323,rescaling+bessel,0.25,0.64327526,0.24430405
324,v1_l0,-0.25,0.5066137,0.2168994
325,v1_l0,-0.24375,0.48580778,0.21061182
326,v1_l0,-0.2375,0.4664737,0.20435297
327,v1_l0,-0.23125,0.44838876,0.1981012
328,v1_l0,-0.225,0.4313684,0.19184266
329,v1_l0,-0.21875,0.415257,0.18555959
330,v1_l0,-0.2125,0.39992148,0.17924447
331,v1_l0,-0.20625,0.38524657,0.17289166
332,v1_l0,-0.2,0.3711324,0.16649777
333,v1_l0,-0.19375,0.3574919,0.16006589
334,v1_l0,-0.1875,0.34424993,0.15360214
335,v1_l0,-0.18125,0.33134162,0.1471155
336,v1_l0,-0.175,0.31871217,0.14061254
337,v1_l0,-0.16875,0.3063156,0.13411184
338,v1_l0,-0.16249999999999998,0.29411396,0.12762003
339,v1_l0,-0.15625,0.28207684,0.121152714
340,v1_l0,-0.15,0.27018002,0.11472609
341,v1_l0,-0.14375,0.2584052,0.10834755
342,v1_l0,-0.1375,0.24673891,0.10203637
343,v1_l0,-0.13124999999999998,0.23517163,0.095804594
344,v1_l0,-0.125,0.22369753,0.08966239
345,v1_l0,-0.11875,0.2123134,0.08362131
346,v1_l0,-0.11249999999999999,0.20101838,0.07769634
347,v1_l0,-0.10624999999999998,0.18981338,0.07189728
348,v1_l0,-0.09999999999999998,0.1787008,0.066232026
349,v1_l0,-0.09375,0.16768411,0.060712546
350,v1_l0,-0.0875,0.15676793,0.055345595
351,v1_l0,-0.08124999999999999,0.1459578,0.050138313
352,v1_l0,-0.07499999999999998,0.13526066,0.045100547
353,v1_l0,-0.06874999999999998,0.124685,0.04023815
354,v1_l0,-0.0625,0.11424218,0.035560362
355,v1_l0,-0.056249999999999994,0.103948005,0.031071395
356,v1_l0,-0.04999999999999999,0.0938255,0.02677485
357,v1_l0,-0.04374999999999998,0.08391021,0.022680942
358,v1_l0,-0.03749999999999998,0.07425894,0.01879186
359,v1_l0,-0.03125,0.06496544,0.015112219
360,v1_l0,-0.024999999999999994,0.056189306,0.011649825
361,v1_l0,-0.01874999999999999,0.048206322,0.008408707
362,v1_l0,-0.012499999999999983,0.041488368,0.005394403
363,v1_l0,-0.006249999999999978,0.03677643,0.002616653
364,v1_l0,0.0,0.034970433,0.00035215658
365,v1_l0,0.006250000000000033,0.03661603,0.0023541145
366,v1_l0,0.012500000000000011,0.04143719,0.004427797
367,v1_l0,0.01874999999999999,0.04864656,0.0062779426
368,v1_l0,0.025000000000000022,0.057514198,0.007896541
369,v1_l0,0.03125,0.067562856,0.009285658
370,v1_l0,0.03750000000000003,0.07852277,0.010474313
371,v1_l0,0.04375000000000001,0.09025426,0.0115496
372,v1_l0,0.050000000000000044,0.10269434,0.01273202
373,v1_l0,0.05625000000000002,0.11582599,0.014117265
374,v1_l0,0.0625,0.12966117,0.015598082
375,v1_l0,0.06875000000000003,0.14423117,0.017124282
376,v1_l0,0.07500000000000001,0.15958193,0.0186688
377,v1_l0,0.08125000000000004,0.1757709,0.020226669
378,v1_l0,0.08750000000000002,0.19286618,0.021794336
379,v1_l0,0.09375,0.21094629,0.02337013
380,v1_l0,0.10000000000000003,0.23010111,0.024953684
381,v1_l0,0.10625000000000001,0.25043297,0.026544988
382,v1_l0,0.11250000000000004,0.27205896,0.028148755
383,v1_l0,0.11875000000000002,0.2951136,0.029758673
384,v1_l0,0.125,0.3197519,0.031387705
385,v1_l0,0.13125000000000003,0.3461543,0.033033643
386,v1_l0,0.1375,0.37453106,0.034705233
387,v1_l0,0.14375000000000004,0.40512872,0.036407795
388,v1_l0,0.15000000000000002,0.4382366,0.038159702
389,v1_l0,0.15625,0.47419482,0.039982762
390,v1_l0,0.16250000000000003,0.5134028,0.041931037
391,v1_l0,0.16875,0.55632794,0.044134434
392,v1_l0,0.17500000000000004,0.60351443,0.04700107
393,v1_l0,0.18125000000000002,0.6555902,0.05161188
394,v1_l0,0.1875,0.7132721,0.058600184
395,v1_l0,0.19375000000000003,0.7773664,0.06731047
396,v1_l0,0.2,0.8487619,0.07739746
397,v1_l0,0.20625000000000004,0.92841494,0.08885221
398,v1_l0,0.21250000000000002,1.0173229,0.101800285
399,v1_l0,0.21875,1.1164851,0.11641165
400,v1_l0,0.22500000000000003,1.2268505,0.13289495
401,v1_l0,0.23125,1.3492584,0.1514641
402,v1_l0,0.23750000000000004,1.4843764,0.17235945
403,v1_l0,0.24375000000000002,1.632654,0.19580217
404,v1_l0,0.25,1.794312,0.22200724
405,v1_l3,-0.25,0.24407098,0.023236344
406,v1_l3,-0.24375,0.23536715,0.022628073
407,v1_l3,-0.2375,0.22712952,0.022028372
408,v1_l3,-0.23125,0.21930033,0.021432906
409,v1_l3,-0.225,0.21183108,0.020845998
410,v1_l3,-0.21875,0.20468083,0.020266414
411,v1_l3,-0.2125,0.19781464,0.019692142
412,v1_l3,-0.20625,0.19120228,0.019131895
413,v1_l3,-0.2,0.18481734,0.01857897
414,v1_l3,-0.19375,0.17863636,0.018035397
415,v1_l3,-0.1875,0.17263824,0.017502638
416,v1_l3,-0.18125,0.1668039,0.016979076
417,v1_l3,-0.175,0.16111559,0.016467713
418,v1_l3,-0.16875,0.1555569,0.01597235
419,v1_l3,-0.16249999999999998,0.1501123,0.01549524
420,v1_l3,-0.15625,0.14476702,0.015043167
421,v1_l3,-0.15,0.13950694,0.0146280555
422,v1_l3,-0.14375,0.13431835,0.014251496
423,v1_l3,-0.1375,0.12918809,0.013914525
424,v1_l3,-0.13124999999999998,0.12410328,0.013604231
425,v1_l3,-0.125,0.11905138,0.013302833
426,v1_l3,-0.11875,0.11402018,0.0129945185
427,v1_l3,-0.11249999999999999,0.10899788,0.012665053
428,v1_l3,-0.10624999999999998,0.10397289,0.012312751
429,v1_l3,-0.09999999999999998,0.09893416,0.01192553
430,v1_l3,-0.09375,0.09387106,0.011503373
431,v1_l3,-0.0875,0.08877364,0.011046272
432,v1_l3,-0.08124999999999999,0.08363268,0.0105494475
433,v1_l3,-0.07499999999999998,0.0784401,0.010007269
434,v1_l3,-0.06874999999999998,0.07318923,0.009425648
435,v1_l3,-0.0625,0.06787555,0.008802463
436,v1_l3,-0.056249999999999994,0.062497683,0.008135239
437,v1_l3,-0.04999999999999999,0.057059046,0.0074214824
438,v1_l3,-0.04374999999999998,0.051570877,0.006663754
439,v1_l3,-0.03749999999999998,0.04605736,0.0058615785
440,v1_l3,-0.03125,0.04056532,0.005011005
441,v1_l3,-0.024999999999999994,0.035182815,0.0041155666
442,v1_l3,-0.01874999999999999,0.030075911,0.003174756
443,v1_l3,-0.012499999999999983,0.025558142,0.0021884346
444,v1_l3,-0.006249999999999978,0.022193126,0.001173998
445,v1_l3,0.0,0.02080164,0.0003181469
446,v1_l3,0.006250000000000033,0.022033405,0.0011990792
447,v1_l3,0.012500000000000011,0.025770448,0.0023714341
448,v1_l3,0.01874999999999999,0.031370215,0.003617118
449,v1_l3,0.025000000000000022,0.038256466,0.0049266955
450,v1_l3,0.03125,0.04608454,0.0062953057
451,v1_l3,0.03750000000000003,0.0546781,0.0077273073
452,v1_l3,0.04375000000000001,0.06395809,0.00922199
453,v1_l3,0.050000000000000044,0.073900566,0.010784802
454,v1_l3,0.05625000000000002,0.08451565,0.012414442
455,v1_l3,0.0625,0.095836565,0.014116775
456,v1_l3,0.06875000000000003,0.107914574,0.015893392
457,v1_l3,0.07500000000000001,0.1208169,0.017749393
458,v1_l3,0.08125000000000004,0.13462597,0.019688386
459,v1_l3,0.08750000000000002,0.14944014,0.021714726
460,v1_l3,0.09375,0.1653747,0.023831991
461,v1_l3,0.10000000000000003,0.18256362,0.026050633
462,v1_l3,0.10625000000000001,0.20116183,0.028375307
463,v1_l3,0.11250000000000004,0.22134735,0.030809436
464,v1_l3,0.11875000000000002,0.24332452,0.033360157
465,v1_l3,0.125,0.2673269,0.03604162
466,v1_l3,0.13125000000000003,0.29362118,0.038857974
467,v1_l3,0.1375,0.32251042,0.041823275
468,v1_l3,0.14375000000000004,0.35433924,0.04495038
469,v1_l3,0.15000000000000002,0.38949808,0.04824856
470,v1_l3,0.15625,0.42842898,0.051738493
471,v1_l3,0.16250000000000003,0.47163248,0.055436146
472,v1_l3,0.16875,0.51967466,0.05935861
473,v1_l3,0.17500000000000004,0.57319784,0.06354065
474,v1_l3,0.18125000000000002,0.6329322,0.06800293
475,v1_l3,0.1875,0.69971216,0.07278178
476,v1_l3,0.19375000000000003,0.77449757,0.07792184
477,v1_l3,0.2,0.8584018,0.08347558
478,v1_l3,0.20625000000000004,0.95273113,0.08950364
479,v1_l3,0.21250000000000002,1.0590363,0.09608554
480,v1_l3,0.21875,1.1791844,0.103319995
481,v1_l3,0.22500000000000003,1.3154566,0.111335486
482,v1_l3,0.23125,1.4706774,0.12029342
483,v1_l3,0.23750000000000004,1.6483896,0.130399
484,v1_l3,0.24375000000000002,1.8530794,0.14192677
485,v1_l3,0.25,2.0904539,0.15523571
486,v2_l0,-0.25,0.43117046,0.08820231
487,v2_l0,-0.24375,0.40849426,0.08932808
488,v2_l0,-0.2375,0.38762558,0.090218104
489,v2_l0,-0.23125,0.368199,0.09087443
490,v2_l0,-0.225,0.3499576,0.09130235
491,v2_l0,-0.21875,0.33272398,0.09150854
492,v2_l0,-0.2125,0.31637722,0.09149814
493,v2_l0,-0.20625,0.300835,0.091280326
494,v2_l0,-0.2,0.28604132,0.09085539
495,v2_l0,-0.19375,0.271957,0.0902333
496,v2_l0,-0.1875,0.25855285,0.0894093
497,v2_l0,-0.18125,0.24580522,0.088394
498,v2_l0,-0.175,0.23369235,0.08718631
499,v2_l0,-0.16875,0.22219196,0.08578931
500,v2_l0,-0.16249999999999998,0.21127953,0.08420467
501,v2_l0,-0.15625,0.20092729,0.08243993
502,v2_l0,-0.15,0.19110367,0.08049463
503,v2_l0,-0.14375,0.18177313,0.07837714
504,v2_l0,-0.1375,0.17289631,0.07609094
505,v2_l0,-0.13124999999999998,0.1644306,0.07364261
506,v2_l0,-0.125,0.15633088,0.071039364
507,v2_l0,-0.11875,0.14855002,0.06828903
508,v2_l0,-0.11249999999999999,0.14104006,0.06539732
509,v2_l0,-0.10624999999999998,0.13375267,0.062374342
510,v2_l0,-0.09999999999999998,0.1266403,0.059226904
511,v2_l0,-0.09375,0.11965661,0.055966996
512,v2_l0,-0.0875,0.11275727,0.052598204
513,v2_l0,-0.08124999999999999,0.105900615,0.04913655
514,v2_l0,-0.07499999999999998,0.09904813,0.045587376
515,v2_l0,-0.06874999999999998,0.09216528,0.0419584
516,v2_l0,-0.0625,0.085222185,0.038264938
517,v2_l0,-0.056249999999999994,0.07819489,0.03451407
518,v2_l0,-0.04999999999999999,0.071066976,0.03071799
519,v2_l0,-0.04374999999999998,0.063832775,0.026887551
520,v2_l0,-0.03749999999999998,0.056502428,0.023030486
521,v2_l0,-0.03125,0.049113154,0.019159824
522,v2_l0,-0.024999999999999994,0.04175113,0.015287762
523,v2_l0,-0.01874999999999999,0.034601726,0.011426726
524,v2_l0,-0.012499999999999983,0.028066333,0.0075868974
525,v2_l0,-0.006249999999999978,0.023007326,0.00378183
526,v2_l0,0.0,0.020950839,0.00022182777
527,v2_l0,0.006250000000000033,0.023125382,0.003692383
528,v2_l0,0.012500000000000011,0.028894164,0.0073162313
529,v2_l0,0.01874999999999999,0.036854804,0.010855432
530,v2_l0,0.025000000000000022,0.046104185,0.0142969815
531,v2_l0,0.03125,0.056199223,0.017620852
532,v2_l0,0.03750000000000003,0.06692374,0.0208176
533,v2_l0,0.04375000000000001,0.07816537,0.023867164
534,v2_l0,0.050000000000000044,0.08986188,0.026755117
535,v2_l0,0.05625000000000002,0.101976454,0.029466217
536,v2_l0,0.0625,0.114487186,0.03198511
537,v2_l0,0.06875000000000003,0.12738092,0.034290984
538,v2_l0,0.07500000000000001,0.1406509,0.03636998
539,v2_l0,0.08125000000000004,0.15429509,0.03819768
540,v2_l0,0.08750000000000002,0.1683159,0.039763823
541,v2_l0,0.09375,0.18271978,0.041043364
542,v2_l0,0.10000000000000003,0.19751747,0.042021707
543,v2_l0,0.10625000000000001,0.21272449,0.042667978
544,v2_l0,0.11250000000000004,0.22836144,0.042977415
545,v2_l0,0.11875000000000002,0.24445495,0.042915583
546,v2_l0,0.125,0.26103848,0.042468768
547,v2_l0,0.13125000000000003,0.27815342,0.04161206
548,v2_l0,0.1375,0.29585025,0.040323544
549,v2_l0,0.14375000000000004,0.3141907,0.038584758
550,v2_l0,0.15000000000000002,0.3332494,0.03636781
551,v2_l0,0.15625,0.3531173,0.033655643
552,v2_l0,0.16250000000000003,0.37390512,0.030425845
553,v2_l0,0.16875,0.39574915,0.026667684
554,v2_l0,0.17500000000000004,0.41881824,0.022387465
555,v2_l0,0.18125000000000002,0.44332466,0.01765985
556,v2_l0,0.1875,0.46953982,0.012953912
557,v2_l0,0.19375000000000003,0.49781805,0.010305356
558,v2_l0,0.2,0.52863514,0.010287452
559,v2_l0,0.20625000000000004,0.56265223,0.013569936
560,v2_l0,0.21250000000000002,0.60082996,0.021040855
561,v2_l0,0.21875,0.6446346,0.030432787
562,v2_l0,0.22500000000000003,0.6964255,0.04115729
563,v2_l0,0.23125,0.76021993,0.053272743
564,v2_l0,0.23750000000000004,0.8433145,0.067060016
565,v2_l0,0.24375000000000002,0.9597198,0.08306353
566,v2_l0,0.25,1.1367037,0.10232225
567,v2_l1,-0.25,0.27874446,0.064302966
568,v2_l1,-0.24375,0.26508078,0.062009
569,v2_l1,-0.2375,0.2527597,0.060187366
570,v2_l1,-0.23125,0.24149927,0.0587262
571,v2_l1,-0.225,0.23108143,0.057536095
572,v2_l1,-0.21875,0.22133553,0.056545585
573,v2_l1,-0.2125,0.21212736,0.05569169
574,v2_l1,-0.20625,0.20335084,0.054924708
575,v2_l1,-0.2,0.19492224,0.05420766
576,v2_l1,-0.19375,0.1867758,0.053506922
577,v2_l1,-0.1875,0.17886026,0.052795433
578,v2_l1,-0.18125,0.1711361,0.052053947
579,v2_l1,-0.175,0.16357356,0.051266342
580,v2_l1,-0.16875,0.15615074,0.050418466
581,v2_l1,-0.16249999999999998,0.1488522,0.049508985
582,v2_l1,-0.15625,0.14166775,0.04851813
583,v2_l1,-0.15,0.13459155,0.04745277
584,v2_l1,-0.14375,0.127621,0.046302028
585,v2_l1,-0.1375,0.12075618,0.04506602
586,v2_l1,-0.13124999999999998,0.1139991,0.04374894
587,v2_l1,-0.125,0.107353136,0.04234772
588,v2_l1,-0.11875,0.1008226,0.04086105
589,v2_l1,-0.11249999999999999,0.09441215,0.039294742
590,v2_l1,-0.10624999999999998,0.088126585,0.03764677
591,v2_l1,-0.09999999999999998,0.08197041,0.035921197
592,v2_l1,-0.09375,0.075947724,0.034123737
593,v2_l1,-0.0875,0.07006185,0.032249514
594,v2_l1,-0.08124999999999999,0.064315364,0.03030892
595,v2_l1,-0.07499999999999998,0.058709845,0.028298598
596,v2_l1,-0.06874999999999998,0.053245984,0.026230145
597,v2_l1,-0.0625,0.047923457,0.024093185
598,v2_l1,-0.056249999999999994,0.042741247,0.021898946
599,v2_l1,-0.04999999999999999,0.03769782,0.01965074
600,v2_l1,-0.04374999999999998,0.0327917,0.017347429
601,v2_l1,-0.03749999999999998,0.028022613,0.014995869
602,v2_l1,-0.03125,0.023393853,0.012595914
603,v2_l1,-0.024999999999999994,0.018917715,0.010152999
604,v2_l1,-0.01874999999999999,0.014630066,0.007666136
605,v2_l1,-0.012499999999999983,0.010635622,0.0051444136
606,v2_l1,-0.006249999999999978,0.0072758645,0.0025878018
607,v2_l1,0.0,0.005645433,0.00015071261
608,v2_l1,0.006250000000000033,0.0069926353,0.00262579
609,v2_l1,0.012500000000000011,0.010168538,0.005265353
610,v2_l1,0.01874999999999999,0.013982413,0.007926222
611,v2_l1,0.025000000000000022,0.018058265,0.010606391
612,v2_l1,0.03125,0.022290029,0.013296312
613,v2_l1,0.03750000000000003,0.026651323,0.015994063
614,v2_l1,0.04375000000000001,0.031144831,0.01869702
615,v2_l1,0.050000000000000044,0.035786368,0.02139656
616,v2_l1,0.05625000000000002,0.040599085,0.024092313
617,v2_l1,0.0625,0.045611143,0.026774233
618,v2_l1,0.06875000000000003,0.050854504,0.029437596
619,v2_l1,0.07500000000000001,0.05636467,0.032080878
620,v2_l1,0.08125000000000004,0.062180437,0.034695312
621,v2_l1,0.08750000000000002,0.06834403,0.03727003
622,v2_l1,0.09375,0.07490115,0.0398034
623,v2_l1,0.10000000000000003,0.0819014,0.04228819
624,v2_l1,0.10625000000000001,0.08939859,0.04470882
625,v2_l1,0.11250000000000004,0.09745121,0.047067225
626,v2_l1,0.11875000000000002,0.10612323,0.049346328
627,v2_l1,0.125,0.11548492,0.051540725
628,v2_l1,0.13125000000000003,0.12561396,0.053636506
629,v2_l1,0.1375,0.13659702,0.055624798
630,v2_l1,0.14375000000000004,0.14853144,0.057490967
631,v2_l1,0.15000000000000002,0.16152787,0.05922234
632,v2_l1,0.15625,0.17571336,0.060800727
633,v2_l1,0.16250000000000003,0.1912357,0.06221143
634,v2_l1,0.16875,0.20826904,0.06343399
635,v2_l1,0.17500000000000004,0.22702163,0.06444538
636,v2_l1,0.18125000000000002,0.24774651,0.06521757
637,v2_l1,0.1875,0.27075654,0.06572012
638,v2_l1,0.19375000000000003,0.2964462,0.06591468
639,v2_l1,0.2,0.3253237,0.06575173
640,v2_l1,0.20625000000000004,0.35806012,0.06517452
641,v2_l1,0.21250000000000002,0.39556685,0.06410235
642,v2_l1,0.21875,0.43912336,0.06242931
643,v2_l1,0.22500000000000003,0.49059772,0.060016476
644,v2_l1,0.23125,0.5528482,0.056658186
645,v2_l1,0.23750000000000004,0.63050103,0.052073933
646,v2_l1,0.24375000000000002,0.73153925,0.045865573
647,v2_l1,0.25,0.8706815,0.037827116
648,v2_l2,-0.25,0.2720316,0.21163565
649,v2_l2,-0.24375,0.26108456,0.20763084
650,v2_l2,-0.2375,0.25097874,0.20344841
651,v2_l2,-0.23125,0.24159327,0.19911674
652,v2_l2,-0.225,0.23281857,0.19466063
653,v2_l2,-0.21875,0.22455662,0.19009776
654,v2_l2,-0.2125,0.21672127,0.18544826
655,v2_l2,-0.20625,0.20923774,0.18072367
656,v2_l2,-0.2,0.20204209,0.17594194
657,v2_l2,-0.19375,0.19508031,0.17110796
658,v2_l2,-0.1875,0.18830734,0.16622967
659,v2_l2,-0.18125,0.18168592,0.161312
660,v2_l2,-0.175,0.17518562,0.15635478
661,v2_l2,-0.16875,0.16878173,0.15136558
662,v2_l2,-0.16249999999999998,0.1624543,0.14633933
663,v2_l2,-0.15625,0.15618727,0.14127979
664,v2_l2,-0.15,0.14996758,0.13618425
665,v2_l2,-0.14375,0.14378482,0.13104929
666,v2_l2,-0.1375,0.13763028,0.12587944
667,v2_l2,-0.13124999999999998,0.13149679,0.120663345
668,v2_l2,-0.125,0.12537819,0.11540915
669,v2_l2,-0.11875,0.1192692,0.1101083
670,v2_l2,-0.11249999999999999,0.11316506,0.10476373
671,v2_l2,-0.10624999999999998,0.107061505,0.09936601
672,v2_l2,-0.09999999999999998,0.10095458,0.093925826
673,v2_l2,-0.09375,0.094840676,0.08842913
674,v2_l2,-0.0875,0.088716425,0.08288475
675,v2_l2,-0.08124999999999999,0.08257872,0.077285275
676,v2_l2,-0.07499999999999998,0.07642479,0.0716349
677,v2_l2,-0.06874999999999998,0.07025221,0.06593181
678,v2_l2,-0.0625,0.0640589,0.060173757
679,v2_l2,-0.056249999999999994,0.05784326,0.05436673
680,v2_l2,-0.04999999999999999,0.051604316,0.04850875
681,v2_l2,-0.04374999999999998,0.045341756,0.042597823
682,v2_l2,-0.03749999999999998,0.03905642,0.03664217
683,v2_l2,-0.03125,0.032750905,0.03063718
684,v2_l2,-0.024999999999999994,0.026431415,0.024589857
685,v2_l2,-0.01874999999999999,0.020112958,0.018500596
686,v2_l2,-0.012499999999999983,0.013839316,0.012369182
687,v2_l2,-0.006249999999999978,0.007798261,0.0062058577
688,v2_l2,0.0,0.003694901,8.96192e-05
689,v2_l2,0.006250000000000033,0.007169498,0.006209383
690,v2_l2,0.012500000000000011,0.013250651,0.012454839
691,v2_l2,0.01874999999999999,0.01969709,0.018715285
692,v2_l2,0.025000000000000022,0.02628304,0.024984043
693,v2_l2,0.03125,0.03296794,0.031257104
694,v2_l2,0.03750000000000003,0.03974893,0.037530143
695,v2_l2,0.04375000000000001,0.046637632,0.043786343
696,v2_l2,0.050000000000000044,0.05365473,0.05002108
697,v2_l2,0.05625000000000002,0.06082864,0.0562191
698,v2_l2,0.0625,0.068195075,0.062371172
699,v2_l2,0.06875000000000003,0.07579686,0.06846109
700,v2_l2,0.07500000000000001,0.08368329,0.07447329
701,v2_l2,0.08125000000000004,0.0919088,0.08038923
702,v2_l2,0.08750000000000002,0.10053073,0.08618614
703,v2_l2,0.09375,0.109605655,0.09183759
704,v2_l2,0.10000000000000003,0.11918439,0.09731826
705,v2_l2,0.10625000000000001,0.12930557,0.10259557
706,v2_l2,0.11250000000000004,0.13998762,0.10762751
707,v2_l2,0.11875000000000002,0.1512205,0.11237091
708,v2_l2,0.125,0.1629578,0.11677992
709,v2_l2,0.13125000000000003,0.17511192,0.12078962
710,v2_l2,0.1375,0.18755701,0.12433109
711,v2_l2,0.14375000000000004,0.2001464,0.12732771
712,v2_l2,0.15000000000000002,0.21275741,0.12967819
713,v2_l2,0.15625,0.2253816,0.13127974
714,v2_l2,0.16250000000000003,0.2382863,0.13200101
715,v2_l2,0.16875,0.25227016,0.13169223
716,v2_l2,0.17500000000000004,0.2690046,0.13018379
717,v2_l2,0.18125000000000002,0.2913745,0.12726572
718,v2_l2,0.1875,0.3236523,0.12270716
719,v2_l2,0.19375000000000003,0.37140566,0.11622903
720,v2_l2,0.2,0.44120026,0.10751146
721,v2_l2,0.20625000000000004,0.5401551,0.09617628
722,v2_l2,0.21250000000000002,0.6754956,0.08180234
723,v2_l2,0.21875,0.8545755,0.06398682
724,v2_l2,0.22500000000000003,1.0856576,0.044229705
725,v2_l2,0.23125,1.3792791,0.043356806
726,v2_l2,0.23750000000000004,1.7501159,0.050294317
727,v2_l2,0.24375000000000002,2.2196193,0.06891253
728,v2_l2,0.25,2.81991,0.11916436
729,v2_l3,-0.25,0.2145613,0.21534249
730,v2_l3,-0.24375,0.20649283,0.20792887
731,v2_l3,-0.2375,0.19910581,0.20087725
732,v2_l3,-0.23125,0.1922946,0.19418576
733,v2_l3,-0.225,0.18596014,0.18782732
734,v2_l3,-0.21875,0.18001294,0.18177223
735,v2_l3,-0.2125,0.17437445,0.17598195
736,v2_l3,-0.20625,0.16897762,0.17042625
737,v2_l3,-0.2,0.16376649,0.16505963
738,v2_l3,-0.19375,0.15869552,0.15985064
739,v2_l3,-0.1875,0.15372837,0.15476571
740,v2_l3,-0.18125,0.14883673,0.14977418
741,v2_l3,-0.175,0.14399904,0.14485246
742,v2_l3,-0.16875,0.13919917,0.13997851
743,v2_l3,-0.16249999999999998,0.13442539,0.13513106
744,v2_l3,-0.15625,0.12966934,0.1302965
745,v2_l3,-0.15,0.12492503,0.12545945
746,v2_l3,-0.14375,0.120188355,0.1206138
747,v2_l3,-0.1375,0.11545615,0.11574766
748,v2_l3,-0.13124999999999998,0.110725954,0.11085695
749,v2_l3,-0.125,0.10599541,0.105937615
750,v2_l3,-0.11875,0.10126206,0.10098535
751,v2_l3,-0.11249999999999999,0.096523054,0.09599991
752,v2_l3,-0.10624999999999998,0.09177484,0.090978324
753,v2_l3,-0.09999999999999998,0.08701317,0.0859198
754,v2_l3,-0.09375,0.08223279,0.080830604
755,v2_l3,-0.0875,0.077427454,0.07570094
756,v2_l3,-0.08124999999999999,0.072589725,0.0705381
757,v2_l3,-0.07499999999999998,0.06771089,0.065340765
758,v2_l3,-0.06874999999999998,0.062780835,0.06010788
759,v2_l3,-0.0625,0.057787944,0.054838985
760,v2_l3,-0.056249999999999994,0.052718997,0.04953804
761,v2_l3,-0.04999999999999999,0.047559038,0.044199858
762,v2_l3,-0.04374999999999998,0.042291336,0.03882418
763,v2_l3,-0.03749999999999998,0.036897328,0.033412285
764,v2_l3,-0.03125,0.031356916,0.027960697
765,v2_l3,-0.024999999999999994,0.02564935,0.02246295
766,v2_l3,-0.01874999999999999,0.019756187,0.016926434
767,v2_l3,-0.012499999999999983,0.01367325,0.0113377785
768,v2_l3,-0.006249999999999978,0.007486813,0.0057012024
769,v2_l3,0.0,0.002813578,8.411543e-05
770,v2_l3,0.006250000000000033,0.007450075,0.005743294
771,v2_l3,0.012500000000000011,0.0146524925,0.011559863
772,v2_l3,0.01874999999999999,0.022473484,0.017441547
773,v2_l3,0.025000000000000022,0.030828327,0.0233985
774,v2_l3,0.03125,0.039742045,0.029432751
775,v2_l3,0.03750000000000003,0.04926143,0.035547994
776,v2_l3,0.04375000000000001,0.05944114,0.041753143
777,v2_l3,0.050000000000000044,0.070339814,0.04804568
778,v2_l3,0.05625000000000002,0.08201843,0.05443643
779,v2_l3,0.0625,0.09453884,0.060926147
780,v2_l3,0.06875000000000003,0.107962966,0.067520306
781,v2_l3,0.07500000000000001,0.12235127,0.07421992
782,v2_l3,0.08125000000000004,0.13776161,0.08102511
783,v2_l3,0.08750000000000002,0.15424788,0.08794023
784,v2_l3,0.09375,0.17185795,0.09496634
785,v2_l3,0.10000000000000003,0.19063225,0.1020945
786,v2_l3,0.10625000000000001,0.21060139,0.10933013
787,v2_l3,0.11250000000000004,0.23178408,0.116661996
788,v2_l3,0.11875000000000002,0.25418493,0.12409431
789,v2_l3,0.125,0.27779192,0.13160968
790,v2_l3,0.13125000000000003,0.30257428,0.13919714
791,v2_l3,0.1375,0.3284806,0.14684716
792,v2_l3,0.14375000000000004,0.35543734,0.15454555
793,v2_l3,0.15000000000000002,0.38334864,0.16227105
794,v2_l3,0.15625,0.4120969,0.17000508
795,v2_l3,0.16250000000000003,0.44154647,0.1777226
796,v2_l3,0.16875,0.47154933,0.18539765
797,v2_l3,0.17500000000000004,0.5019554,0.19299921
798,v2_l3,0.18125000000000002,0.5326278,0.20049894
799,v2_l3,0.1875,0.5634657,0.20786294
800,v2_l3,0.19375000000000003,0.594435,0.21505806
801,v2_l3,0.2,0.6256107,0.2220536
802,v2_l3,0.20625000000000004,0.6572337,0.22881974
803,v2_l3,0.21250000000000002,0.68978345,0.23532926
804,v2_l3,0.21875,0.72407544,0.24156398
805,v2_l3,0.22500000000000003,0.76138985,0.24752046
806,v2_l3,0.23125,0.80365515,0.25318953
807,v2_l3,0.23750000000000004,0.85372627,0.25856423
808,v2_l3,0.24375000000000002,0.91585976,0.2636214
809,v2_l3,0.25,0.996616,0.26825595
810,v2-base,-0.25,0.22704047,0.25181377
811,v2-base,-0.24375,0.22064579,0.24629226
812,v2-base,-0.2375,0.21435025,0.24075791
813,v2-base,-0.23125,0.20815156,0.23520839
814,v2-base,-0.225,0.20204714,0.22964087
815,v2-base,-0.21875,0.19603407,0.22405615
816,v2-base,-0.2125,0.19010937,0.21844922
817,v2-base,-0.20625,0.18426958,0.21282098
818,v2-base,-0.2,0.17851102,0.20716462
819,v2-base,-0.19375,0.17282973,0.20148179
820,v2-base,-0.1875,0.16722138,0.1957703
821,v2-base,-0.18125,0.1616813,0.1900242
822,v2-base,-0.175,0.15620458,0.18424425
823,v2-base,-0.16875,0.15078586,0.1784296
824,v2-base,-0.16249999999999998,0.14541954,0.1725737
825,v2-base,-0.15625,0.14009973,0.16667746
826,v2-base,-0.15,0.13482007,0.16073903
827,v2-base,-0.14375,0.12957406,0.15475431
828,v2-base,-0.1375,0.12435487,0.1487234
829,v2-base,-0.13124999999999998,0.11915526,0.14264224
830,v2-base,-0.125,0.113967896,0.13651136
831,v2-base,-0.11875,0.10878507,0.13032427
832,v2-base,-0.11249999999999999,0.10359888,0.12408469
833,v2-base,-0.10624999999999998,0.09840119,0.11778832
834,v2-base,-0.09999999999999998,0.093183696,0.111428216
835,v2-base,-0.09375,0.08793785,0.10500899
836,v2-base,-0.0875,0.082654916,0.09852655
837,v2-base,-0.08124999999999999,0.07732606,0.091975994
838,v2-base,-0.07499999999999998,0.0719423,0.085360095
839,v2-base,-0.06874999999999998,0.06649452,0.07867351
840,v2-base,-0.0625,0.060973514,0.071917504
841,v2-base,-0.056249999999999994,0.05536996,0.065089
842,v2-base,-0.04999999999999999,0.04967461,0.05818449
843,v2-base,-0.04374999999999998,0.04387816,0.051200643
844,v2-base,-0.03749999999999998,0.03797149,0.044140436
845,v2-base,-0.03125,0.031945765,0.036997676
846,v2-base,-0.024999999999999994,0.025793057,0.029776398
847,v2-base,-0.01874999999999999,0.01950793,0.022469878
848,v2-base,-0.012499999999999983,0.013093555,0.015079622
849,v2-base,-0.006249999999999978,0.0066063916,0.007601767
850,v2-base,0.0,0.0018779333,9.9735786e-05
851,v2-base,0.006250000000000033,0.0076316446,0.0076196063
852,v2-base,0.012500000000000011,0.014681628,0.015367308
853,v2-base,0.01874999999999999,0.022001157,0.023205198
854,v2-base,0.025000000000000022,0.029548893,0.031137181
855,v2-base,0.03125,0.03732343,0.039163783
856,v2-base,0.03750000000000003,0.04533064,0.04728736
857,v2-base,0.04375000000000001,0.05357843,0.055505857
858,v2-base,0.050000000000000044,0.062075526,0.06382347
859,v2-base,0.05625000000000002,0.07083096,0.072241634
860,v2-base,0.0625,0.079853974,0.080756485
861,v2-base,0.06875000000000003,0.08915383,0.08937538
862,v2-base,0.07500000000000001,0.09873997,0.09808968
863,v2-base,0.08125000000000004,0.10862184,0.106913105
864,v2-base,0.08750000000000002,0.11880909,0.11583738
865,v2-base,0.09375,0.12931147,0.124864995
866,v2-base,0.10000000000000003,0.1401391,0.13399488
867,v2-base,0.10625000000000001,0.15130232,0.14323038
868,v2-base,0.11250000000000004,0.16281202,0.15257195
869,v2-base,0.11875000000000002,0.17467955,0.16201514
870,v2-base,0.125,0.186917,0.17156883
871,v2-base,0.13125000000000003,0.19953743,0.1812264
872,v2-base,0.1375,0.21255495,0.19099008
873,v2-base,0.14375000000000004,0.22598496,0.20086105
874,v2-base,0.15000000000000002,0.23984453,0.21083866
875,v2-base,0.15625,0.25415254,0.22092289
876,v2-base,0.16250000000000003,0.2689302,0.23111193
877,v2-base,0.16875,0.28420117,0.24140957
878,v2-base,0.17500000000000004,0.2999923,0.25181115
879,v2-base,0.18125000000000002,0.3163337,0.2623157
880,v2-base,0.1875,0.33325952,0.27292666
881,v2-base,0.19375000000000003,0.3508082,0.2836393
882,v2-base,0.2,0.36902317,0.29445192
883,v2-base,0.20625000000000004,0.38795316,0.30536357
884,v2-base,0.21250000000000002,0.4076528,0.31637347
885,v2-base,0.21875,0.42818296,0.32747072
886,v2-base,0.22500000000000003,0.44961113,0.33865476
887,v2-base,0.23125,0.47201145,0.34991324
888,v2-base,0.23750000000000004,0.49546474,0.36124146
889,v2-base,0.24375000000000002,0.5200584,0.3726223
890,v2-base,0.25,0.54588556,0.38404375
891,v2-swa,-0.25,0.20738809,0.19503427
892,v2-swa,-0.24375,0.2002018,0.18936023
893,v2-swa,-0.2375,0.19323808,0.18377551
894,v2-swa,-0.23125,0.1864888,0.17828211
895,v2-swa,-0.225,0.17994589,0.17286758
896,v2-swa,-0.21875,0.17360115,0.16753119
897,v2-swa,-0.2125,0.16744635,0.16227052
898,v2-swa,-0.20625,0.16147318,0.1570803
899,v2-swa,-0.2,0.15567316,0.15195793
900,v2-swa,-0.19375,0.15003777,0.14689927
901,v2-swa,-0.1875,0.14455837,0.14189738
902,v2-swa,-0.18125,0.1392261,0.13695377
903,v2-swa,-0.175,0.13403201,0.13205974
904,v2-swa,-0.16875,0.12896696,0.12721403
905,v2-swa,-0.16249999999999998,0.12402161,0.1224121
906,v2-swa,-0.15625,0.119186446,0.11765136
907,v2-swa,-0.15,0.11445171,0.112926625
908,v2-swa,-0.14375,0.10980743,0.10823394
909,v2-swa,-0.1375,0.10524343,0.103570715
910,v2-swa,-0.13124999999999998,0.10074918,0.0989287
911,v2-swa,-0.125,0.09631398,0.09431039
912,v2-swa,-0.11875,0.09192686,0.089706235
913,v2-swa,-0.11249999999999999,0.08757652,0.085114375
914,v2-swa,-0.10624999999999998,0.08325137,0.08053152
915,v2-swa,-0.09999999999999998,0.0789396,0.075952515
916,v2-swa,-0.09375,0.074629046,0.07137237
917,v2-swa,-0.0875,0.07030732,0.066788
918,v2-swa,-0.08124999999999999,0.06596171,0.062197745
919,v2-swa,-0.07499999999999998,0.061579265,0.057593226
920,v2-swa,-0.06874999999999998,0.05714678,0.052971557
921,v2-swa,-0.0625,0.052650917,0.0483326
922,v2-swa,-0.056249999999999994,0.048078135,0.043663613
923,v2-swa,-0.04999999999999999,0.043414928,0.038969204
924,v2-swa,-0.04374999999999998,0.03864796,0.03424164
925,v2-swa,-0.03749999999999998,0.03376453,0.02947446
926,v2-swa,-0.03125,0.028753277,0.024667809
927,v2-swa,-0.024999999999999994,0.023606416,0.019817278
928,v2-swa,-0.01874999999999999,0.018325238,0.014914315
929,v2-swa,-0.012499999999999983,0.012941372,0.009956421
930,v2-swa,-0.006249999999999978,0.0076303864,0.0049474025
931,v2-swa,0.0,0.0038705312,0.000160344
932,v2-swa,0.006250000000000033,0.0067675803,0.0052675335
933,v2-swa,0.012500000000000011,0.012638774,0.010473045
934,v2-swa,0.01874999999999999,0.019161306,0.015754405
935,v2-swa,0.025000000000000022,0.02607115,0.021109708
936,v2-swa,0.03125,0.033323184,0.02654323
937,v2-swa,0.03750000000000003,0.040913146,0.032063823
938,v2-swa,0.04375000000000001,0.048848666,0.03766565
939,v2-swa,0.050000000000000044,0.057141695,0.0433605
940,v2-swa,0.05625000000000002,0.06580598,0.049148798
941,v2-swa,0.0625,0.07485609,0.055032097
942,v2-swa,0.06875000000000003,0.08430674,0.061009698
943,v2-swa,0.07500000000000001,0.094172746,0.06709404
944,v2-swa,0.08125000000000004,0.104468614,0.07327697
945,v2-swa,0.08750000000000002,0.11520858,0.07956743
946,v2-swa,0.09375,0.12640637,0.08596358
947,v2-swa,0.10000000000000003,0.13807526,0.092472166
948,v2-swa,0.10625000000000001,0.15022793,0.09909129
949,v2-swa,0.11250000000000004,0.16287634,0.105822906
950,v2-swa,0.11875000000000002,0.17603183,0.11266909
951,v2-swa,0.125,0.18970501,0.11963014
952,v2-swa,0.13125000000000003,0.20390576,0.12670714
953,v2-swa,0.1375,0.21864313,0.13390148
954,v2-swa,0.14375000000000004,0.23392554,0.14121252
955,v2-swa,0.15000000000000002,0.24976073,0.14863816
956,v2-swa,0.15625,0.2661559,0.15618286
957,v2-swa,0.16250000000000003,0.2831177,0.163846
958,v2-swa,0.16875,0.30065256,0.17162055
959,v2-swa,0.17500000000000004,0.31876695,0.17950854
960,v2-swa,0.18125000000000002,0.33746743,0.1875079
961,v2-swa,0.1875,0.3567611,0.19562142
962,v2-swa,0.19375000000000003,0.37665632,0.2038406
963,v2-swa,0.2,0.39716256,0.21216589
964,v2-swa,0.20625000000000004,0.41829157,0.22059083
965,v2-swa,0.21250000000000002,0.44005752,0.22911328
966,v2-swa,0.21875,0.46247762,0.2377313
967,v2-swa,0.22500000000000003,0.4855729,0.24643445
968,v2-swa,0.23125,0.5093683,0.25521705
969,v2-swa,0.23750000000000004,0.5338926,0.264076
970,v2-swa,0.24375000000000002,0.5591783,0.27299914
971,v2-swa,0.25,0.58526015,0.2819746
972,v2-ema,-0.25,0.3082588,0.2810552
973,v2-ema,-0.24375,0.29946783,0.275414
974,v2-ema,-0.2375,0.29068428,0.26972824
975,v2-ema,-0.23125,0.2819153,0.2639972
976,v2-ema,-0.225,0.27316767,0.25821763
977,v2-ema,-0.21875,0.2644477,0.2523837
978,v2-ema,-0.2125,0.2557612,0.24649765
979,v2-ema,-0.20625,0.24711376,0.2405568
980,v2-ema,-0.2,0.23851052,0.23455547
981,v2-ema,-0.19375,0.22995615,0.22849283
982,v2-ema,-0.1875,0.22145513,0.22236581
983,v2-ema,-0.18125,0.21301152,0.2161747
984,v2-ema,-0.175,0.20462912,0.20991537
985,v2-ema,-0.16875,0.19631134,0.20358595
986,v2-ema,-0.16249999999999998,0.18806142,0.19718477
987,v2-ema,-0.15625,0.1798822,0.19070664
988,v2-ema,-0.15,0.17177632,0.1841554
989,v2-ema,-0.14375,0.16374618,0.17752308
990,v2-ema,-0.1375,0.15579377,0.17081365
991,v2-ema,-0.13124999999999998,0.14792092,0.16401911
992,v2-ema,-0.125,0.14012915,0.15714377
993,v2-ema,-0.11875,0.13241966,0.15017682
994,v2-ema,-0.11249999999999999,0.124793336,0.1431246
995,v2-ema,-0.10624999999999998,0.11725079,0.13598128
996,v2-ema,-0.09999999999999998,0.10979219,0.12874645
997,v2-ema,-0.09375,0.10241741,0.12141678
998,v2-ema,-0.0875,0.09512578,0.11399381
999,v2-ema,-0.08124999999999999,0.087916374,0.106473625
1000,v2-ema,-0.07499999999999998,0.0807876,0.09885523
1001,v2-ema,-0.06874999999999998,0.07373737,0.091136724
1002,v2-ema,-0.0625,0.06676305,0.08331749
1003,v2-ema,-0.056249999999999994,0.059861425,0.0753959
1004,v2-ema,-0.04999999999999999,0.0530286,0.067370296
1005,v2-ema,-0.04374999999999998,0.046259996,0.059238706
1006,v2-ema,-0.03749999999999998,0.039550364,0.051000506
1007,v2-ema,-0.03125,0.032894015,0.042655095
1008,v2-ema,-0.024999999999999994,0.026285045,0.034204014
1009,v2-ema,-0.01874999999999999,0.019718725,0.025640089
1010,v2-ema,-0.012499999999999983,0.013196674,0.0169686
1011,v2-ema,-0.006249999999999978,0.006762255,0.008186095
1012,v2-ema,0.0,0.0017224083,0.0007224468
1013,v2-ema,0.006250000000000033,0.0067759245,0.009722009
1014,v2-ema,0.012500000000000011,0.013240976,0.018837184
1015,v2-ema,0.01874999999999999,0.019817889,0.028072134
1016,v2-ema,0.025000000000000022,0.026469342,0.03742046
1017,v2-ema,0.03125,0.03320206,0.04688053
1018,v2-ema,0.03750000000000003,0.040031187,0.056458235
1019,v2-ema,0.04375000000000001,0.04697526,0.066149846
1020,v2-ema,0.050000000000000044,0.05405458,0.07595833
1021,v2-ema,0.05625000000000002,0.061290845,0.0858783
1022,v2-ema,0.0625,0.06870675,0.095918566
1023,v2-ema,0.06875000000000003,0.076325916,0.106071524
1024,v2-ema,0.07500000000000001,0.08417266,0.116344966
1025,v2-ema,0.08125000000000004,0.092271924,0.12673357
1026,v2-ema,0.08750000000000002,0.100649096,0.13723764
1027,v2-ema,0.09375,0.10932994,0.1478613
1028,v2-ema,0.10000000000000003,0.11834056,0.15860152
1029,v2-ema,0.10625000000000001,0.12770727,0.1694603
1030,v2-ema,0.11250000000000004,0.13745658,0.18043905
1031,v2-ema,0.11875000000000002,0.14761528,0.1915364
1032,v2-ema,0.125,0.15821049,0.20275739
1033,v2-ema,0.13125000000000003,0.16926962,0.21409507
1034,v2-ema,0.1375,0.18082085,0.2255582
1035,v2-ema,0.14375000000000004,0.192893,0.23714158
1036,v2-ema,0.15000000000000002,0.20551619,0.24885146
1037,v2-ema,0.15625,0.21872196,0.26068625
1038,v2-ema,0.16250000000000003,0.23254374,0.27264887
1039,v2-ema,0.16875,0.24701756,0.28473997
1040,v2-ema,0.17500000000000004,0.26218253,0.29696304
1041,v2-ema,0.18125000000000002,0.27808172,0.30931213
1042,v2-ema,0.1875,0.2947628,0.32179475
1043,v2-ema,0.19375000000000003,0.3122793,0.33441177
1044,v2-ema,0.2,0.3306917,0.34716108
1045,v2-ema,0.20625000000000004,0.35006863,0.36004126
1046,v2-ema,0.21250000000000002,0.37048894,0.37305108
1047,v2-ema,0.21875,0.3920431,0.3861891
1048,v2-ema,0.22500000000000003,0.41483653,0.3994484
1049,v2-ema,0.23125,0.43899179,0.41282368
1050,v2-ema,0.23750000000000004,0.4646536,0.42630175
1051,v2-ema,0.24375000000000002,0.4919941,0.43987083
1052,v2-ema,0.25,0.5212204,0.45350415
1053,v2-amsgrad,-0.25,0.23839283,0.1980488
1054,v2-amsgrad,-0.24375,0.22850022,0.19168293
1055,v2-amsgrad,-0.2375,0.21930785,0.18559176
1056,v2-amsgrad,-0.23125,0.21073474,0.17977816
1057,v2-amsgrad,-0.225,0.20270017,0.1742261
1058,v2-amsgrad,-0.21875,0.1951272,0.1689173
1059,v2-amsgrad,-0.2125,0.18794508,0.16382307
1060,v2-amsgrad,-0.20625,0.18109037,0.15891296
1061,v2-amsgrad,-0.2,0.17450783,0.1541574
1062,v2-amsgrad,-0.19375,0.16815025,0.1495277
1063,v2-amsgrad,-0.1875,0.1619781,0.14499024
1064,v2-amsgrad,-0.18125,0.15595901,0.14052586
1065,v2-amsgrad,-0.175,0.15006687,0.13610905
1066,v2-amsgrad,-0.16875,0.14428106,0.13172299
1067,v2-amsgrad,-0.16249999999999998,0.13858551,0.12734826
1068,v2-amsgrad,-0.15625,0.13296804,0.12297146
1069,v2-amsgrad,-0.15,0.12741938,0.118581355
1070,v2-amsgrad,-0.14375,0.12193274,0.11416845
1071,v2-amsgrad,-0.1375,0.116503015,0.109726936
1072,v2-amsgrad,-0.13124999999999998,0.11112639,0.10524945
1073,v2-amsgrad,-0.125,0.10579988,0.100730956
1074,v2-amsgrad,-0.11875,0.100520864,0.096171975
1075,v2-amsgrad,-0.11249999999999999,0.09528694,0.09156662
1076,v2-amsgrad,-0.10624999999999998,0.09009543,0.08691597
1077,v2-amsgrad,-0.09999999999999998,0.084943295,0.082219064
1078,v2-amsgrad,-0.09375,0.07982682,0.07747438
1079,v2-amsgrad,-0.0875,0.07474142,0.07267966
1080,v2-amsgrad,-0.08124999999999999,0.06968139,0.067837864
1081,v2-amsgrad,-0.07499999999999998,0.06463972,0.062947616
1082,v2-amsgrad,-0.06874999999999998,0.05960777,0.058006518
1083,v2-amsgrad,-0.0625,0.05457519,0.053015076
1084,v2-amsgrad,-0.056249999999999994,0.049529433,0.04797351
1085,v2-amsgrad,-0.04999999999999999,0.044455647,0.042879634
1086,v2-amsgrad,-0.04374999999999998,0.03933636,0.037731268
1087,v2-amsgrad,-0.03749999999999998,0.034151264,0.03252296
1088,v2-amsgrad,-0.03125,0.028877037,0.027260087
1089,v2-amsgrad,-0.024999999999999994,0.023487572,0.021933142
1090,v2-amsgrad,-0.01874999999999999,0.017954957,0.016538445
1091,v2-amsgrad,-0.012499999999999983,0.012254251,0.011076594
1092,v2-amsgrad,-0.006249999999999978,0.0063972287,0.0055418955
1093,v2-amsgrad,0.0,0.0016460582,0.00010825816
1094,v2-amsgrad,0.006250000000000033,0.0067974487,0.0057663703
1095,v2-amsgrad,0.012500000000000011,0.013609955,0.011547908
1096,v2-amsgrad,0.01874999999999999,0.020912917,0.017418837
1097,v2-amsgrad,0.025000000000000022,0.028714502,0.023387257
1098,v2-amsgrad,0.03125,0.037064917,0.029458154
1099,v2-amsgrad,0.03750000000000003,0.04602301,0.035629734
1100,v2-amsgrad,0.04375000000000001,0.055650603,0.04191377
1101,v2-amsgrad,0.050000000000000044,0.0660101,0.048313197
1102,v2-amsgrad,0.05625000000000002,0.077163145,0.05482747
1103,v2-amsgrad,0.0625,0.08916907,0.061461896
1104,v2-amsgrad,0.06875000000000003,0.102083445,0.068218365
1105,v2-amsgrad,0.07500000000000001,0.11595642,0.07509689
1106,v2-amsgrad,0.08125000000000004,0.130831,0.08209981
1107,v2-amsgrad,0.08750000000000002,0.14674108,0.08922263
1108,v2-amsgrad,0.09375,0.16370928,0.09646672
1109,v2-amsgrad,0.10000000000000003,0.1817449,0.103822246
1110,v2-amsgrad,0.10625000000000001,0.20084128,0.11128627
1111,v2-amsgrad,0.11250000000000004,0.22097352,0.11885224
1112,v2-amsgrad,0.11875000000000002,0.24209614,0.12650713
1113,v2-amsgrad,0.125,0.26414078,0.13424051
1114,v2-amsgrad,0.13125000000000003,0.28701448,0.14203346
1115,v2-amsgrad,0.1375,0.31059876,0.14987572
1116,v2-amsgrad,0.14375000000000004,0.33474925,0.15774101
1117,v2-amsgrad,0.15000000000000002,0.3592977,0.1656091
1118,v2-amsgrad,0.15625,0.3840556,0.17345852
1119,v2-amsgrad,0.16250000000000003,0.4088214,0.18125817
1120,v2-amsgrad,0.16875,0.4333913,0.18898363
1121,v2-amsgrad,0.17500000000000004,0.45757574,0.19660527
1122,v2-amsgrad,0.18125000000000002,0.4812221,0.20409688
1123,v2-amsgrad,0.1875,0.5042455,0.21143153
1124,v2-amsgrad,0.19375000000000003,0.5266695,0.21859345
1125,v2-amsgrad,0.2,0.548679,0.22556597
1126,v2-amsgrad,0.20625000000000004,0.5706874,0.23234485
1127,v2-amsgrad,0.21250000000000002,0.59342754,0.23894024
1128,v2-amsgrad,0.21875,0.6180759,0.24538419
1129,v2-amsgrad,0.22500000000000003,0.6464435,0.25171345
1130,v2-amsgrad,0.23125,0.6812962,0.2579928
1131,v2-amsgrad,0.23750000000000004,0.72694445,0.26428252
1132,v2-amsgrad,0.24375000000000002,0.7903912,0.2706103
1133,v2-amsgrad,0.25,0.88367,0.27687305
1134,v3_l3,-0.25,0.2767439,0.22182259
1135,v3_l3,-0.24375,0.2611846,0.21370308
1136,v3_l3,-0.2375,0.24686453,0.20583734
1137,v3_l3,-0.23125,0.23367421,0.19824374
1138,v3_l3,-0.225,0.22150186,0.1909296
1139,v3_l3,-0.21875,0.21023825,0.18388823
1140,v3_l3,-0.2125,0.19977976,0.17710294
1141,v3_l3,-0.20625,0.19003083,0.17055652
1142,v3_l3,-0.2,0.1809048,0.1642229
1143,v3_l3,-0.19375,0.17232442,0.15808097
1144,v3_l3,-0.1875,0.16422188,0.15210581
1145,v3_l3,-0.18125,0.156538,0.1462728
1146,v3_l3,-0.175,0.14922176,0.14056648
1147,v3_l3,-0.16875,0.14222933,0.13496478
1148,v3_l3,-0.16249999999999998,0.13552305,0.12945214
1149,v3_l3,-0.15625,0.12907068,0.12401658
1150,v3_l3,-0.15,0.122844465,0.11864388
1151,v3_l3,-0.14375,0.11682035,0.11332797
1152,v3_l3,-0.1375,0.11097738,0.10806148
1153,v3_l3,-0.13124999999999998,0.10529706,0.10283086
1154,v3_l3,-0.125,0.099762835,0.09764297
1155,v3_l3,-0.11875,0.09435976,0.092486456
1156,v3_l3,-0.11249999999999999,0.08907409,0.087364435
1157,v3_l3,-0.10624999999999998,0.08389297,0.082273
1158,v3_l3,-0.09999999999999998,0.07880431,0.0772125
1159,v3_l3,-0.09375,0.073796526,0.07218194
1160,v3_l3,-0.0875,0.0688584,0.06718119
1161,v3_l3,-0.08124999999999999,0.0639789,0.06221091
1162,v3_l3,-0.07499999999999998,0.059147213,0.05727339
1163,v3_l3,-0.06874999999999998,0.05435256,0.052365504
1164,v3_l3,-0.0625,0.04958403,0.047486883
1165,v3_l3,-0.056249999999999994,0.04483071,0.042637058
1166,v3_l3,-0.04999999999999999,0.04008156,0.03781778
1167,v3_l3,-0.04374999999999998,0.03532528,0.033024944
1168,v3_l3,-0.03749999999999998,0.0305507,0.02825592
1169,v3_l3,-0.03125,0.025746835,0.023511931
1170,v3_l3,-0.024999999999999994,0.02090385,0.01878775
1171,v3_l3,-0.01874999999999999,0.016015884,0.014079137
1172,v3_l3,-0.012499999999999983,0.011091556,0.009384718
1173,v3_l3,-0.006249999999999978,0.0062167654,0.0046969177
1174,v3_l3,0.0,0.0024937368,9.990359e-05
1175,v3_l3,0.006250000000000033,0.005417747,0.004677233
1176,v3_l3,0.012500000000000011,0.010608933,0.009371432
1177,v3_l3,0.01874999999999999,0.016165204,0.014079002
1178,v3_l3,0.025000000000000022,0.02196075,0.018807542
1179,v3_l3,0.03125,0.027987996,0.023567773
1180,v3_l3,0.03750000000000003,0.03426052,0.028359232
1181,v3_l3,0.04375000000000001,0.040798537,0.033191163
1182,v3_l3,0.050000000000000044,0.04762496,0.03807707
1183,v3_l3,0.05625000000000002,0.05476395,0.043019995
1184,v3_l3,0.0625,0.062239967,0.04802525
1185,v3_l3,0.06875000000000003,0.07007705,0.053102903
1186,v3_l3,0.07500000000000001,0.07829805,0.058263354
1187,v3_l3,0.08125000000000004,0.0869238,0.06350965
1188,v3_l3,0.08750000000000002,0.095972314,0.068845555
1189,v3_l3,0.09375,0.10545752,0.074284524
1190,v3_l3,0.10000000000000003,0.11538828,0.07982881
1191,v3_l3,0.10625000000000001,0.12576722,0.08548443
1192,v3_l3,0.11250000000000004,0.13658929,0.09125043
1193,v3_l3,0.11875000000000002,0.1478407,0.09713597
1194,v3_l3,0.125,0.15949771,0.10314049
1195,v3_l3,0.13125000000000003,0.1715258,0.10926062
1196,v3_l3,0.1375,0.18387917,0.11549649
1197,v3_l3,0.14375000000000004,0.19650114,0.12184209
1198,v3_l3,0.15000000000000002,0.20932561,0.12829189
1199,v3_l3,0.15625,0.22227979,0.13483405
1200,v3_l3,0.16250000000000003,0.23528975,0.14145555
1201,v3_l3,0.16875,0.24828853,0.1481382
1202,v3_l3,0.17500000000000004,0.2612282,0.1548622
1203,v3_l3,0.18125000000000002,0.27409708,0.16160491
1204,v3_l3,0.1875,0.28694266,0.1683358
1205,v3_l3,0.19375000000000003,0.29990017,0.17501771
1206,v3_l3,0.2,0.31322676,0.18162449
1207,v3_l3,0.20625000000000004,0.3273379,0.18811667
1208,v3_l3,0.21250000000000002,0.3428406,0.19445713
1209,v3_l3,0.21875,0.36055675,0.20061901
1210,v3_l3,0.22500000000000003,0.38153213,0.20657536
1211,v3_l3,0.23125,0.4070474,0.21231598
1212,v3_l3,0.23750000000000004,0.4386956,0.21783638
1213,v3_l3,0.24375000000000002,0.47871965,0.22314873
1214,v3_l3,0.25,0.531139,0.22824317
